-- phpMyAdmin SQL Dump
-- version 5.0.2
-- https://www.phpmyadmin.net/
--
-- Хост: localhost
-- Время создания: Авг 27 2025 г., 18:36
-- Версия сервера: 8.0.25-15
-- Версия PHP: 7.4.33

SET SQL_MODE = "NO_AUTO_VALUE_ON_ZERO";
START TRANSACTION;
SET time_zone = "+00:00";


/*!40101 SET @OLD_CHARACTER_SET_CLIENT=@@CHARACTER_SET_CLIENT */;
/*!40101 SET @OLD_CHARACTER_SET_RESULTS=@@CHARACTER_SET_RESULTS */;
/*!40101 SET @OLD_COLLATION_CONNECTION=@@COLLATION_CONNECTION */;
/*!40101 SET NAMES utf8mb4 */;

--
-- База данных: `u3083732_default`
--

-- --------------------------------------------------------

--
-- Структура таблицы `barcode`
--

CREATE TABLE `barcode` (
  `id` int NOT NULL,
  `name` varchar(256) NOT NULL,
  `products_id` int NOT NULL,
  `productsColor_id` int DEFAULT NULL,
  `productsSize_id` int DEFAULT NULL
) ENGINE=InnoDB DEFAULT CHARSET=utf8mb4 COLLATE=utf8mb4_0900_ai_ci;

-- --------------------------------------------------------

--
-- Структура таблицы `compositions`
--

CREATE TABLE `compositions` (
  `id` int NOT NULL,
  `name` varchar(256) NOT NULL,
  `code1c` varchar(9) DEFAULT NULL
) ENGINE=InnoDB DEFAULT CHARSET=utf8mb4 COLLATE=utf8mb4_0900_ai_ci;

--
-- Дамп данных таблицы `compositions`
--

INSERT INTO `compositions` (`id`, `name`, `code1c`) VALUES
(1, '100% хлопок', '000000001'),
(2, '100% полиэстер', '000000002'),
(3, '62% хлопок, 38% полиамид', '000000003'),
(4, '90% хлопок, 10% эластан', '000000004'),
(5, '50% полиамид, 35% вискоза, 15% хлопок', '000000006'),
(6, '94% хлопок, 4% полиамид, 2% вискоза', '000000007'),
(7, '95% хлопок, 5% эластан', '000000008'),
(8, '80% хлопок, 20% акрил', '000000009'),
(9, '50% хлопок, 50% нейлон', '000000010'),
(10, '50% вискоза, 28% полиамид, 22% нейлон', '000000011'),
(11, '70% хлопок, 20% эластан, 10% вискоза', '000000012'),
(12, '65% акрил, 35% шерсть', '000000013'),
(13, '80% хлопок, 15% акрил, 5% эластан', '000000014'),
(14, '63% вискоза, 20% хлопок, 17% нейлон', '000000015'),
(15, '97% хлопок, 3% эластан', '000000016'),
(16, '80% акрил, 20% полиамид', '000000017'),
(17, '80% нейлон, 10% полиамид, 10% шерсть', '000000018'),
(18, '98% хлопок, 2% полиэстер', '000000019'),
(19, '98% полиэстер, 2% полиамид', '000000020'),
(20, '98% хлопок, 2% эластан', '000000021'),
(21, '99% хлопок, 1% эластан', '000000005'),
(22, '62% хлопок, 38% полиамид', '000000022'),
(23, '50% шерсть, 50% акрил', '000000023'),
(24, '95% хлопок, 5% полиэстер', '000000024'),
(25, '82% хлопок, 10% полиэстер, 8% спандекс', '000000025'),
(26, '60% полиэстер, 40% вискоза', '000000026'),
(27, '70% акрил, 30% шерсть', '000000027'),
(28, '50% искусственная кожа, 50% полиэстер', '000000028'),
(29, '98% хлопок, 2% лайкра', '000000029'),
(30, '70% полиуретан, 30% полиэстер', '000000030'),
(31, '100% полиуретан', '000000031'),
(32, '60% бамбук, 30% тензель, 10% спандекс', '000000032'),
(33, '50% полиэстер, 40% вискоза, 5% хлопок, 5% спандекс', '000000033'),
(34, '50% хлопок, 30% шерсть, 20% полиэстер', '000000034'),
(35, '56% вискоза, 27% полиэстер, 17% нейлон', '000000035'),
(36, '70% шерсть, 20% хлопок, 10% шелк', '000000036'),
(37, '70% хлопок, 25% вискоза, 5% эластан', '000000037'),
(38, '40% вискоза, 37% полиэстер, 20% хлопок, 3% эластан', '000000038'),
(39, '50% хлопок, 30% тензель, 20% вискоза', '000000039'),
(40, '87% хлопок, 13% полиэстер', '000000040'),
(41, '95% хлопок, 5% спандекс', '000000041'),
(42, '65% хлопок, 35% полиэстер', '000000042'),
(43, '90% хлопок, 10% шерсть', '000000043'),
(44, '70% полиэстер, 20% вискоза, 10% хлопок', '000000044'),
(45, '47% полиэстер, 40% вискоза, 13% хлопок', '000000045'),
(46, '42% полиэстер, 20% нейлон, 20% вискоза, 10% акрил, 8% шерсть', '000000046'),
(47, '98% нейлон, 2% спандекс', '000000047'),
(48, '50% хлопок, 30% акрил, 20% полиэстер', '000000048'),
(49, '85% хлопок, 10% полиэстер, 5% эластан', '000000049'),
(50, '85% вискоза, 15% спандекс', '000000050'),
(51, '70% хлопок, 20% полиэстер, 10% лайкра', '000000051'),
(52, '50% хлопок, 50% акрил', '000000052'),
(53, '70% хлопок, 30% лайкра', '000000053'),
(54, '80% полиэстер, 15% вискоза, 5% нейлон', '000000054'),
(55, '85% хлопок, 15% спандекс', '000000055'),
(56, '96% хлопок, 4% нейлон', '000000056'),
(57, '98% хлопок, 2% спандекс', '000000057'),
(58, '70% хлопок, 27% полиэстер, 3% эластан', '000000058'),
(59, '45% тензель, 28% полиэстер, 22% акрил, 5% спандекс', '000000059'),
(60, '80% хлопок, 20% полиэстер', '000000061'),
(61, '73% хлопок, 27% полиэстер', '000000060'),
(62, '55% нейлон, 45% полиэстер', '000000062'),
(63, '60% хлопок, 40% полиэстер', '000000063'),
(64, '54% хлопок, 46% полиэстер', '000000064'),
(65, '70% шерсть, 30% акрил', '000000065'),
(66, '100% акрил', '000000066'),
(67, '60% шерсть, 30% хлопок, 10% эластан', '000000067'),
(68, '50% хлопок, 50% полиэстер', '000000068'),
(69, '55% полиэстер, 45% хлопок', '000000069'),
(70, '100% лён', '000000070'),
(71, '90% полиэстер, 10% эластан', '000000071'),
(72, '95% хлопок, 5% нейлон', '000000072');

-- --------------------------------------------------------

--
-- Структура таблицы `fotos`
--

CREATE TABLE `fotos` (
  `id` int NOT NULL,
  `tablename` varchar(256) DEFAULT NULL,
  `tableid` int DEFAULT NULL,
  `foto` varchar(256) NOT NULL,
  `foto64` text
) ENGINE=InnoDB DEFAULT CHARSET=cp1251;

-- --------------------------------------------------------

--
-- Структура таблицы `logs`
--

CREATE TABLE `logs` (
  `id` int NOT NULL,
  `date` datetime NOT NULL DEFAULT CURRENT_TIMESTAMP,
  `comment` text
) ENGINE=InnoDB DEFAULT CHARSET=cp1251;

-- --------------------------------------------------------

--
-- Структура таблицы `obmen`
--

CREATE TABLE `obmen` (
  `id` int NOT NULL,
  `tablename` varchar(256) NOT NULL,
  `tableid` int NOT NULL
) ENGINE=InnoDB DEFAULT CHARSET=cp1251;

-- --------------------------------------------------------

--
-- Структура таблицы `place`
--

CREATE TABLE `place` (
  `id` int NOT NULL,
  `name` varchar(256) NOT NULL,
  `code1c` varchar(9) DEFAULT NULL,
  `storage_id` int DEFAULT NULL
) ENGINE=InnoDB DEFAULT CHARSET=cp1251;

--
-- Дамп данных таблицы `place`
--

INSERT INTO `place` (`id`, `name`, `code1c`, `storage_id`) VALUES
(18, 'Зал стена у кассы', '000000001', 1),
(19, 'На бумаге', '000000002', 2),
(21, 'подсобка-ст1-п1', '000000003', 1),
(22, 'подсобка-ст1-п2', '000000004', 1),
(23, 'подсобка-ст1-п3', '000000005', 1),
(24, 'подсобка-ст1-п4', '000000006', 1),
(25, 'подсобка-ст1-п5', '000000007', 1),
(26, 'подсобка-ст1-п6', '000000008', 1),
(27, 'подсобка-ст1-п7', '000000009', 1),
(28, 'подсобка-ст2-п1', '000000010', 1),
(29, 'Зал стойка1', '000000012', 1),
(30, 'Зал стойка2', '000000013', 1),
(31, 'Зал стойка3', '000000014', 1),
(32, 'Зал стойка6', '000000017', 1),
(33, 'Зал стойка4', '000000015', 1),
(34, 'Зал стойка5', '000000016', 1),
(35, 'Зал стойка7', '000000018', 1),
(36, 'подсобка-ст2-п8', '000000019', 1),
(37, 'подсобка-ст2-п2', '000000011', 1),
(38, 'подсобка-ст2-п3', '000000020', 1),
(39, 'подсобка-ст2-п4', '000000021', 1),
(40, 'подсобка-ст2-п5', '000000022', 1),
(41, 'подсобка-ст2-п6', '000000023', 1),
(42, 'подсобка-ст2-п7', '000000024', 1),
(43, 'Зал стойка8', '000000025', 1),
(44, 'Зал стойка9', '000000026', 1),
(45, 'Зал стойка10', '000000027', 1),
(46, 'Зал стена1', '000000028', 1),
(47, 'Зал полка1', '000000029', 1),
(48, 'Зал стена2', '000000030', 1),
(49, 'Зал стена3', '000000031', 1),
(50, 'Зал стена4', '000000032', 1),
(51, 'Зал стена5', '000000033', 1),
(52, 'Зал стена6', '000000034', 1),
(53, 'подсобка-ст3-п1', '000000035', 1),
(54, 'подсобка-ст3-п2', '000000036', 1),
(55, 'подсобка-ст3-п3', '000000037', 1),
(56, 'подсобка-ст3-п4', '000000038', 1),
(57, 'подсобка-ст3-п5', '000000039', 1),
(58, 'подсобка-ст3-п6', '000000040', 1),
(59, 'подсобка-ст3-п7', '000000041', 1),
(60, 'подсобка вешалка', '000000042', 1),
(61, 'подсобка-ст4-п1', '000000043', 1),
(62, 'подсобка-ст4-п2', '000000044', 1),
(63, 'подсобка-ст4-п3', '000000045', 1),
(64, 'подсобка-ст4-п4', '000000046', 1),
(65, 'подсобка-ст4-п5', '000000047', 1),
(66, 'подсобка-ст4-п6', '000000048', 1),
(67, 'подсобка-ст4-п7', '000000049', 1),
(68, 'Тестовое место не трогать', '000000063', 1),
(69, 'подсобка-ст5-п1', '000000050', 1),
(70, 'подсобка-ст5-п2', '000000051', 1),
(71, 'подсобка-ст5-п3', '000000052', 1),
(72, 'подсобка-ст5-п4', '000000053', 1),
(73, 'подсобка-ст5-п5', '000000054', 1),
(74, 'подсобка-ст5-п6', '000000055', 1),
(75, 'подсобка-ст6-п1', '000000056', 1),
(76, 'подсобка-ст6-п2', '000000057', 1),
(77, 'подсобка-ст6-п3', '000000058', 1),
(78, 'подсобка-ст6-п4', '000000059', 1),
(79, 'подсобка-ст6-п5', '000000060', 1),
(80, 'подсобка-ст6-п6', '000000061', 1),
(81, 'подсобка под столом', '000000062', 1);

-- --------------------------------------------------------

--
-- Структура таблицы `products`
--

CREATE TABLE `products` (
  `id` int NOT NULL,
  `name` varchar(256) NOT NULL,
  `code1c` varchar(9) DEFAULT NULL,
  `article` varchar(50) DEFAULT NULL,
  `unit` varchar(20) DEFAULT NULL,
  `nameNew` varchar(256) DEFAULT NULL,
  `price` float DEFAULT '0',
  `compositions_id` int DEFAULT NULL
) ENGINE=InnoDB DEFAULT CHARSET=utf8mb4 COLLATE=utf8mb4_0900_ai_ci;

-- --------------------------------------------------------

--
-- Структура таблицы `productsColor`
--

CREATE TABLE `productsColor` (
  `id` int NOT NULL,
  `name` varchar(256) NOT NULL,
  `code1c` varchar(9) DEFAULT NULL
) ENGINE=InnoDB DEFAULT CHARSET=utf8mb4 COLLATE=utf8mb4_0900_ai_ci;

--
-- Дамп данных таблицы `productsColor`
--

INSERT INTO `productsColor` (`id`, `name`, `code1c`) VALUES
(1, 'Черный', '000000001'),
(2, 'Синий', '000000002'),
(3, 'Серый', '000000003'),
(4, 'Белый', '000000004'),
(5, 'Бежевый', '000000005'),
(6, 'Голубой', '000000006'),
(7, 'Желтый', '000000007'),
(8, 'Фиолетовый', '000000008'),
(9, 'Красный', '000000009'),
(10, 'Зеленый', '000000010'),
(11, 'Розовый', '000000011'),
(12, 'Коричневый', '000000012'),
(13, 'Бордовый', '000000013'),
(14, 'Разноцветные', '000000014'),
(16, 'Бронза', '000000015'),
(17, 'Леопард', '000000016'),
(18, 'Зебра', '000000017'),
(19, 'Рыжий', '000000018'),
(20, 'Оливка', '000000019'),
(21, 'Хаки', '000000020'),
(22, 'Кофе', '000000021'),
(23, 'Песок', '000000022'),
(24, 'Графит', '000000023'),
(25, 'Шоколадный', '000000024'),
(26, 'Клубничный крем', '000000025'),
(27, 'Молочный шоколад', '000000041'),
(28, 'Кремовый', '000000026'),
(29, 'Миндаль ', '000000027'),
(30, 'Сиреневый', '000000028'),
(31, 'Антрацитовый', '000000029'),
(32, 'Мокко', '000000030'),
(33, 'Салатовый', '000000031'),
(34, 'Бирюзовый', '000000032'),
(35, 'Темно серый', '000000033'),
(36, 'Лазурный', '000000034'),
(37, 'Кофе с молоком', '000000035'),
(38, 'Темно синий', '000000036'),
(39, 'Небесный', '000000037'),
(40, 'Светло серый', '000000038'),
(41, 'Светло жёлтый', '000000040'),
(42, 'Молочный', '000000039'),
(43, 'Малиновый', '000000042');

-- --------------------------------------------------------

--
-- Структура таблицы `productsSize`
--

CREATE TABLE `productsSize` (
  `id` int NOT NULL,
  `name` varchar(256) NOT NULL,
  `code1c` varchar(9) DEFAULT NULL
) ENGINE=InnoDB DEFAULT CHARSET=utf8mb4 COLLATE=utf8mb4_0900_ai_ci;

--
-- Дамп данных таблицы `productsSize`
--

INSERT INTO `productsSize` (`id`, `name`, `code1c`) VALUES
(1, 'S', '000000001'),
(2, 'M', '000000002'),
(3, 'L', '000000003'),
(4, 'XL', '000000004'),
(5, '2XL', '000000005'),
(6, 'Onesize', '000000006'),
(7, '46', '000000007'),
(8, '48', '000000008'),
(9, '26', '000000009'),
(10, '29', '000000010'),
(11, '27', '000000011'),
(12, '28', '000000012'),
(13, '30', '000000013'),
(14, '31', '000000014'),
(15, '32', '000000015'),
(16, '33', '000000016'),
(17, '35', '000000017'),
(18, '25', '000000018'),
(19, '3XL', '000000019'),
(20, '34', '000000020'),
(21, '36', '000000021'),
(22, '38', '000000022'),
(23, '40', '000000023'),
(24, '36-41', '000000024'),
(25, '41-47', '000000025'),
(26, '41-45', '000000026'),
(27, '41', '000000027'),
(28, '37', '000000028'),
(29, '39', '000000029'),
(30, '49', '000000035'),
(31, '42', '000000030'),
(32, '43', '000000031'),
(33, '44', '000000032'),
(34, '45', '000000033'),
(35, '47', '000000034'),
(36, '50', '000000036'),
(37, '51', '000000037'),
(38, '52', '000000038'),
(39, '53', '000000039'),
(40, '54', '000000040'),
(41, '55', '000000041'),
(42, '56', '000000042'),
(43, '57', '000000043'),
(44, '58', '000000044'),
(45, '59', '000000045'),
(46, '60', '000000046'),
(47, '61', '000000047'),
(48, '62', '000000048'),
(49, '63', '000000049'),
(50, '64', '000000050'),
(51, '5XL', '000000051'),
(52, '4XL', '000000052'),
(53, 'XS', '000000053'),
(54, '6XL', '000000054');

-- --------------------------------------------------------

--
-- Структура таблицы `stocktaking`
--

CREATE TABLE `stocktaking` (
  `id` int NOT NULL,
  `date` datetime NOT NULL DEFAULT CURRENT_TIMESTAMP,
  `users_id` int NOT NULL,
  `storage_id` int NOT NULL,
  `place_id` int DEFAULT NULL,
  `products_id` int NOT NULL,
  `productsColor_id` int DEFAULT NULL,
  `productsSize_id` int DEFAULT NULL,
  `count` float NOT NULL,
  `code1c` varchar(9) DEFAULT NULL,
  `barcode` varchar(13) DEFAULT NULL
) ENGINE=InnoDB DEFAULT CHARSET=utf8mb4 COLLATE=utf8mb4_0900_ai_ci;

-- --------------------------------------------------------

--
-- Структура таблицы `storage`
--

CREATE TABLE `storage` (
  `id` int NOT NULL,
  `name` varchar(256) NOT NULL,
  `code1c` varchar(9) CHARACTER SET utf8mb4 COLLATE utf8mb4_0900_ai_ci DEFAULT NULL
) ENGINE=InnoDB DEFAULT CHARSET=utf8mb4 COLLATE=utf8mb4_0900_ai_ci;

--
-- Дамп данных таблицы `storage`
--

INSERT INTO `storage` (`id`, `name`, `code1c`) VALUES
(1, 'Сергиев посад', '000000001'),
(2, 'Июнь Мытищи', '000000002');

-- --------------------------------------------------------

--
-- Структура таблицы `tokens`
--

CREATE TABLE `tokens` (
  `id` int NOT NULL,
  `users_id` int NOT NULL,
  `cookie` text,
  `push` text,
  `useragent` text
) ENGINE=InnoDB DEFAULT CHARSET=cp1251;

-- --------------------------------------------------------

--
-- Структура таблицы `users`
--

CREATE TABLE `users` (
  `id` int NOT NULL,
  `name` varchar(256) NOT NULL,
  `code1c` varchar(9) DEFAULT NULL,
  `login` varchar(256) DEFAULT NULL,
  `password` varchar(256) DEFAULT NULL,
  `status` varchar(5) NOT NULL DEFAULT 'U',
  `active` tinyint(1) NOT NULL DEFAULT '1',
  `telefon` varchar(25) DEFAULT NULL,
  `storage_id` int DEFAULT NULL,
  `place_id` int DEFAULT NULL
) ENGINE=InnoDB DEFAULT CHARSET=cp1251;

--
-- Дамп данных таблицы `users`
--

INSERT INTO `users` (`id`, `name`, `code1c`, `login`, `password`, `status`, `active`, `telefon`, `storage_id`, `place_id`) VALUES
(1, 'Виталий', '000000001', 'Vit', '50629', 'S', 1, '+79271095380', 2, 19);

--
-- Индексы сохранённых таблиц
--

--
-- Индексы таблицы `barcode`
--
ALTER TABLE `barcode`
  ADD PRIMARY KEY (`id`);

--
-- Индексы таблицы `compositions`
--
ALTER TABLE `compositions`
  ADD PRIMARY KEY (`id`);

--
-- Индексы таблицы `fotos`
--
ALTER TABLE `fotos`
  ADD PRIMARY KEY (`id`);

--
-- Индексы таблицы `logs`
--
ALTER TABLE `logs`
  ADD PRIMARY KEY (`id`);

--
-- Индексы таблицы `obmen`
--
ALTER TABLE `obmen`
  ADD PRIMARY KEY (`id`);

--
-- Индексы таблицы `place`
--
ALTER TABLE `place`
  ADD PRIMARY KEY (`id`);

--
-- Индексы таблицы `products`
--
ALTER TABLE `products`
  ADD PRIMARY KEY (`id`);

--
-- Индексы таблицы `productsColor`
--
ALTER TABLE `productsColor`
  ADD PRIMARY KEY (`id`);

--
-- Индексы таблицы `productsSize`
--
ALTER TABLE `productsSize`
  ADD PRIMARY KEY (`id`);

--
-- Индексы таблицы `stocktaking`
--
ALTER TABLE `stocktaking`
  ADD PRIMARY KEY (`id`);

--
-- Индексы таблицы `storage`
--
ALTER TABLE `storage`
  ADD PRIMARY KEY (`id`);

--
-- Индексы таблицы `tokens`
--
ALTER TABLE `tokens`
  ADD PRIMARY KEY (`id`);

--
-- Индексы таблицы `users`
--
ALTER TABLE `users`
  ADD PRIMARY KEY (`id`);

--
-- AUTO_INCREMENT для сохранённых таблиц
--

--
-- AUTO_INCREMENT для таблицы `barcode`
--
ALTER TABLE `barcode`
  MODIFY `id` int NOT NULL AUTO_INCREMENT;

--
-- AUTO_INCREMENT для таблицы `compositions`
--
ALTER TABLE `compositions`
  MODIFY `id` int NOT NULL AUTO_INCREMENT, AUTO_INCREMENT=73;

--
-- AUTO_INCREMENT для таблицы `fotos`
--
ALTER TABLE `fotos`
  MODIFY `id` int NOT NULL AUTO_INCREMENT;

--
-- AUTO_INCREMENT для таблицы `logs`
--
ALTER TABLE `logs`
  MODIFY `id` int NOT NULL AUTO_INCREMENT;

--
-- AUTO_INCREMENT для таблицы `obmen`
--
ALTER TABLE `obmen`
  MODIFY `id` int NOT NULL AUTO_INCREMENT;

--
-- AUTO_INCREMENT для таблицы `place`
--
ALTER TABLE `place`
  MODIFY `id` int NOT NULL AUTO_INCREMENT, AUTO_INCREMENT=82;

--
-- AUTO_INCREMENT для таблицы `products`
--
ALTER TABLE `products`
  MODIFY `id` int NOT NULL AUTO_INCREMENT;

--
-- AUTO_INCREMENT для таблицы `productsColor`
--
ALTER TABLE `productsColor`
  MODIFY `id` int NOT NULL AUTO_INCREMENT, AUTO_INCREMENT=44;

--
-- AUTO_INCREMENT для таблицы `productsSize`
--
ALTER TABLE `productsSize`
  MODIFY `id` int NOT NULL AUTO_INCREMENT, AUTO_INCREMENT=55;

--
-- AUTO_INCREMENT для таблицы `stocktaking`
--
ALTER TABLE `stocktaking`
  MODIFY `id` int NOT NULL AUTO_INCREMENT;

--
-- AUTO_INCREMENT для таблицы `storage`
--
ALTER TABLE `storage`
  MODIFY `id` int NOT NULL AUTO_INCREMENT, AUTO_INCREMENT=3;

--
-- AUTO_INCREMENT для таблицы `tokens`
--
ALTER TABLE `tokens`
  MODIFY `id` int NOT NULL AUTO_INCREMENT;

--
-- AUTO_INCREMENT для таблицы `users`
--
ALTER TABLE `users`
  MODIFY `id` int NOT NULL AUTO_INCREMENT, AUTO_INCREMENT=2;
COMMIT;

/*!40101 SET CHARACTER_SET_CLIENT=@OLD_CHARACTER_SET_CLIENT */;
/*!40101 SET CHARACTER_SET_RESULTS=@OLD_CHARACTER_SET_RESULTS */;
/*!40101 SET COLLATION_CONNECTION=@OLD_COLLATION_CONNECTION */;
